{
 "0":{
  "bus_name":"1",
  "Bus Nro.":1,
  "V1(pu)_DSS":1.0017853805,
  "Ang1(deg)_DSS":-0.0040329363,
  "V1(pu)_EST":1.0019,
  "Ang1(deg)_EST":0.0
 },
 "1":{
  "bus_name":"2",
  "Bus Nro.":2,
  "V1(pu)_DSS":0.9837620287,
  "Ang1(deg)_DSS":-0.0706652881,
  "V1(pu)_EST":0.9838,
  "Ang1(deg)_EST":-0.0712
 },
 "2":{
  "bus_name":"3",
  "Bus Nro.":3,
  "V1(pu)_DSS":0.9722830216,
  "Ang1(deg)_DSS":-0.0745582841,
  "V1(pu)_EST":0.973,
  "Ang1(deg)_EST":-0.0182
 },
 "3":{
  "bus_name":"4",
  "Bus Nro.":4,
  "V1(pu)_DSS":0.9626167298,
  "Ang1(deg)_DSS":-0.1126886671,
  "V1(pu)_EST":0.9636,
  "Ang1(deg)_EST":0.1038
 }
}