{
 "0":{
  "bus_name":"1",
  "Bus Nro.":1,
  "V1(pu)_DSS":1.001785392,
  "Ang1(deg)_DSS":-0.0040331021,
  "V1(pu)_EST":1.0019,
  "Ang1(deg)_EST":0.0
 },
 "1":{
  "bus_name":"2",
  "Bus Nro.":2,
  "V1(pu)_DSS":0.983762991,
  "Ang1(deg)_DSS":-0.0707105042,
  "V1(pu)_EST":0.9838,
  "Ang1(deg)_EST":-0.0712
 },
 "2":{
  "bus_name":"3",
  "Bus Nro.":3,
  "V1(pu)_DSS":0.9722843333,
  "Ang1(deg)_DSS":-0.0746221929,
  "V1(pu)_EST":0.973,
  "Ang1(deg)_EST":-0.0182
 },
 "3":{
  "bus_name":"4",
  "Bus Nro.":4,
  "V1(pu)_DSS":0.962618203,
  "Ang1(deg)_DSS":-0.1127598827,
  "V1(pu)_EST":0.9636,
  "Ang1(deg)_EST":0.1039
 }
}