{
 "0":{
  "bus_name":"799",
  "Bus Nro.":1,
  "V1(pu)_DSS":0.9999978411,
  "Ang1(deg)_DSS":29.9993976723,
  "V1(pu)_EST":1.0009,
  "Ang1(deg)_EST":30.0
 },
 "1":{
  "bus_name":"701",
  "Bus Nro.":2,
  "V1(pu)_DSS":0.9871426607,
  "Ang1(deg)_DSS":29.7348202449,
  "V1(pu)_EST":0.9881,
  "Ang1(deg)_EST":29.9997
 },
 "2":{
  "bus_name":"702",
  "Bus Nro.":3,
  "V1(pu)_DSS":0.9802379307,
  "Ang1(deg)_DSS":29.5852107751,
  "V1(pu)_EST":0.982,
  "Ang1(deg)_EST":30.0069
 },
 "3":{
  "bus_name":"705",
  "Bus Nro.":4,
  "V1(pu)_DSS":0.9791687263,
  "Ang1(deg)_DSS":29.5933201684,
  "V1(pu)_EST":0.9806,
  "Ang1(deg)_EST":30.0114
 },
 "4":{
  "bus_name":"713",
  "Bus Nro.":5,
  "V1(pu)_DSS":0.9785743035,
  "Ang1(deg)_DSS":29.5780115065,
  "V1(pu)_EST":0.9803,
  "Ang1(deg)_EST":30.0002
 },
 "5":{
  "bus_name":"703",
  "Bus Nro.":6,
  "V1(pu)_DSS":0.9744329014,
  "Ang1(deg)_DSS":29.4589464328,
  "V1(pu)_EST":0.9763,
  "Ang1(deg)_EST":30.0119
 },
 "6":{
  "bus_name":"727",
  "Bus Nro.":7,
  "V1(pu)_DSS":0.9734960753,
  "Ang1(deg)_DSS":29.4672816735,
  "V1(pu)_EST":0.9752,
  "Ang1(deg)_EST":29.9983
 },
 "7":{
  "bus_name":"730",
  "Bus Nro.":8,
  "V1(pu)_DSS":0.9699759611,
  "Ang1(deg)_DSS":29.4397850748,
  "V1(pu)_EST":0.9689,
  "Ang1(deg)_EST":29.995
 },
 "8":{
  "bus_name":"704",
  "Bus Nro.":9,
  "V1(pu)_DSS":0.976556679,
  "Ang1(deg)_DSS":29.5693753371,
  "V1(pu)_EST":0.9783,
  "Ang1(deg)_EST":30.0008
 },
 "9":{
  "bus_name":"714",
  "Bus Nro.":10,
  "V1(pu)_DSS":0.9764114287,
  "Ang1(deg)_DSS":29.5704533798,
  "V1(pu)_EST":0.9781,
  "Ang1(deg)_EST":30.0
 },
 "10":{
  "bus_name":"720",
  "Bus Nro.":11,
  "V1(pu)_DSS":0.9742768096,
  "Ang1(deg)_DSS":29.5600447146,
  "V1(pu)_EST":0.9761,
  "Ang1(deg)_EST":30.0043
 },
 "11":{
  "bus_name":"742",
  "Bus Nro.":12,
  "V1(pu)_DSS":0.9787307589,
  "Ang1(deg)_DSS":29.5966847236,
  "V1(pu)_EST":0.9787,
  "Ang1(deg)_EST":29.972
 },
 "12":{
  "bus_name":"712",
  "Bus Nro.":13,
  "V1(pu)_DSS":0.9788555836,
  "Ang1(deg)_DSS":29.595688463,
  "V1(pu)_EST":0.9791,
  "Ang1(deg)_EST":29.9781
 },
 "13":{
  "bus_name":"706",
  "Bus Nro.":14,
  "V1(pu)_DSS":0.9740532994,
  "Ang1(deg)_DSS":29.5592916367,
  "V1(pu)_EST":0.9757,
  "Ang1(deg)_EST":30.0029
 },
 "14":{
  "bus_name":"725",
  "Bus Nro.":15,
  "V1(pu)_DSS":0.9738703868,
  "Ang1(deg)_DSS":29.5609401474,
  "V1(pu)_EST":0.975,
  "Ang1(deg)_EST":29.992
 },
 "15":{
  "bus_name":"707",
  "Bus Nro.":16,
  "V1(pu)_DSS":0.9714760605,
  "Ang1(deg)_DSS":29.5832912094,
  "V1(pu)_EST":0.9719,
  "Ang1(deg)_EST":30.0032
 },
 "16":{
  "bus_name":"724",
  "Bus Nro.":17,
  "V1(pu)_DSS":0.9710067186,
  "Ang1(deg)_DSS":29.5875031407,
  "V1(pu)_EST":0.9703,
  "Ang1(deg)_EST":29.9824
 },
 "17":{
  "bus_name":"722",
  "Bus Nro.":18,
  "V1(pu)_DSS":0.9711847672,
  "Ang1(deg)_DSS":29.5856858071,
  "V1(pu)_EST":0.9713,
  "Ang1(deg)_EST":29.9952
 },
 "18":{
  "bus_name":"708",
  "Bus Nro.":19,
  "V1(pu)_DSS":0.9667037333,
  "Ang1(deg)_DSS":29.4258469204,
  "V1(pu)_EST":0.9653,
  "Ang1(deg)_EST":30.0012
 },
 "19":{
  "bus_name":"733",
  "Bus Nro.":20,
  "V1(pu)_DSS":0.9648965456,
  "Ang1(deg)_DSS":29.4180498285,
  "V1(pu)_EST":0.9635,
  "Ang1(deg)_EST":29.9997
 },
 "20":{
  "bus_name":"732",
  "Bus Nro.":21,
  "V1(pu)_DSS":0.9664931078,
  "Ang1(deg)_DSS":29.4277587283,
  "V1(pu)_EST":0.9648,
  "Ang1(deg)_EST":29.9961
 },
 "21":{
  "bus_name":"709",
  "Bus Nro.":22,
  "V1(pu)_DSS":0.968631036,
  "Ang1(deg)_DSS":29.4340225184,
  "V1(pu)_EST":0.9672,
  "Ang1(deg)_EST":30.0014
 },
 "22":{
  "bus_name":"731",
  "Bus Nro.":23,
  "V1(pu)_DSS":0.9682096474,
  "Ang1(deg)_DSS":29.4320439934,
  "V1(pu)_EST":0.965,
  "Ang1(deg)_EST":29.9826
 },
 "23":{
  "bus_name":"710",
  "Bus Nro.":24,
  "V1(pu)_DSS":0.9611289239,
  "Ang1(deg)_DSS":29.4146710164,
  "V1(pu)_EST":0.959,
  "Ang1(deg)_EST":30.0052
 },
 "24":{
  "bus_name":"735",
  "Bus Nro.":25,
  "V1(pu)_DSS":0.9608631005,
  "Ang1(deg)_DSS":29.4167199247,
  "V1(pu)_EST":0.9581,
  "Ang1(deg)_EST":29.9911
 },
 "25":{
  "bus_name":"736",
  "Bus Nro.":26,
  "V1(pu)_DSS":0.9603474218,
  "Ang1(deg)_DSS":29.421707934,
  "V1(pu)_EST":0.9559,
  "Ang1(deg)_EST":29.9634
 },
 "26":{
  "bus_name":"711",
  "Bus Nro.":27,
  "V1(pu)_DSS":0.9585844454,
  "Ang1(deg)_DSS":29.3915477498,
  "V1(pu)_EST":0.9574,
  "Ang1(deg)_EST":30.0015
 },
 "27":{
  "bus_name":"741",
  "Bus Nro.":28,
  "V1(pu)_DSS":0.9584405439,
  "Ang1(deg)_DSS":29.3909242562,
  "V1(pu)_EST":0.9571,
  "Ang1(deg)_EST":29.9984
 },
 "28":{
  "bus_name":"740",
  "Bus Nro.":29,
  "V1(pu)_DSS":0.9583179196,
  "Ang1(deg)_DSS":29.3936075374,
  "V1(pu)_EST":0.9569,
  "Ang1(deg)_EST":29.9966
 },
 "29":{
  "bus_name":"718",
  "Bus Nro.":30,
  "V1(pu)_DSS":0.975763436,
  "Ang1(deg)_DSS":29.575356144,
  "V1(pu)_EST":0.9768,
  "Ang1(deg)_EST":29.9901
 },
 "30":{
  "bus_name":"744",
  "Bus Nro.":31,
  "V1(pu)_DSS":0.9729767898,
  "Ang1(deg)_DSS":29.4655283137,
  "V1(pu)_EST":0.9749,
  "Ang1(deg)_EST":30.0017
 },
 "31":{
  "bus_name":"734",
  "Bus Nro.":32,
  "V1(pu)_DSS":0.962137105,
  "Ang1(deg)_DSS":29.4065825727,
  "V1(pu)_EST":0.9608,
  "Ang1(deg)_EST":30.0028
 },
 "32":{
  "bus_name":"737",
  "Bus Nro.":33,
  "V1(pu)_DSS":0.9599303213,
  "Ang1(deg)_DSS":29.3973508009,
  "V1(pu)_EST":0.9588,
  "Ang1(deg)_EST":30.0005
 },
 "33":{
  "bus_name":"738",
  "Bus Nro.":34,
  "V1(pu)_DSS":0.959030984,
  "Ang1(deg)_DSS":29.3936170086,
  "V1(pu)_EST":0.9579,
  "Ang1(deg)_EST":30.0002
 },
 "34":{
  "bus_name":"728",
  "Bus Nro.":35,
  "V1(pu)_DSS":0.9725842633,
  "Ang1(deg)_DSS":29.4690798818,
  "V1(pu)_EST":0.9741,
  "Ang1(deg)_EST":29.994
 },
 "35":{
  "bus_name":"729",
  "Bus Nro.":36,
  "V1(pu)_DSS":0.972799325,
  "Ang1(deg)_DSS":29.4670125961,
  "V1(pu)_EST":0.975,
  "Ang1(deg)_EST":30.0057
 }
}