{
 "0":{
  "bus_name":"bus_1",
  "Bus Nro.":1,
  "V1(pu)_DSS":1.0093943268,
  "Ang1(deg)_DSS":0.0767353721,
  "V1(pu)_EST":1.0094,
  "Ang1(deg)_EST":0.1
 },
 "1":{
  "bus_name":"bus_2",
  "Bus Nro.":2,
  "V1(pu)_DSS":0.9749754489,
  "Ang1(deg)_DSS":-0.0505345218,
  "V1(pu)_EST":0.975,
  "Ang1(deg)_EST":0.1028
 },
 "2":{
  "bus_name":"bus_3",
  "Bus Nro.":3,
  "V1(pu)_DSS":0.9622904955,
  "Ang1(deg)_DSS":-0.0552016211,
  "V1(pu)_EST":0.9623,
  "Ang1(deg)_EST":0.0985
 },
 "3":{
  "bus_name":"bus_4",
  "Bus Nro.":4,
  "V1(pu)_DSS":0.9531193669,
  "Ang1(deg)_DSS":-0.0919137746,
  "V1(pu)_EST":0.9531,
  "Ang1(deg)_EST":0.0963
 },
 "4":{
  "bus_name":"bus_5",
  "Bus Nro.":5,
  "V1(pu)_DSS":0.9520514359,
  "Ang1(deg)_DSS":-0.0968286182,
  "V1(pu)_EST":0.9523,
  "Ang1(deg)_EST":0.1038
 },
 "5":{
  "bus_name":"bus_9",
  "Bus Nro.":6,
  "V1(pu)_DSS":0.972515543,
  "Ang1(deg)_DSS":-0.0583730895,
  "V1(pu)_EST":0.9725,
  "Ang1(deg)_EST":0.0997
 },
 "6":{
  "bus_name":"bus_10",
  "Bus Nro.":7,
  "V1(pu)_DSS":0.9716480589,
  "Ang1(deg)_DSS":-0.0599116109,
  "V1(pu)_EST":0.9717,
  "Ang1(deg)_EST":0.1001
 },
 "7":{
  "bus_name":"bus_6",
  "Bus Nro.":8,
  "V1(pu)_DSS":0.967391932,
  "Ang1(deg)_DSS":-0.074349425,
  "V1(pu)_EST":0.9674,
  "Ang1(deg)_EST":0.101
 },
 "8":{
  "bus_name":"bus_7",
  "Bus Nro.":9,
  "V1(pu)_DSS":0.9643529542,
  "Ang1(deg)_DSS":-0.0839369621,
  "V1(pu)_EST":0.9643,
  "Ang1(deg)_EST":0.1005
 },
 "9":{
  "bus_name":"bus_8",
  "Bus Nro.":10,
  "V1(pu)_DSS":0.9658752549,
  "Ang1(deg)_DSS":-0.0791572268,
  "V1(pu)_EST":0.9659,
  "Ang1(deg)_EST":0.0989
 },
 "10":{
  "bus_name":"bus_11",
  "Bus Nro.":11,
  "V1(pu)_DSS":0.9575286849,
  "Ang1(deg)_DSS":-0.0682673309,
  "V1(pu)_EST":0.9573,
  "Ang1(deg)_EST":0.1
 },
 "11":{
  "bus_name":"bus_12",
  "Bus Nro.":12,
  "V1(pu)_DSS":0.9554739976,
  "Ang1(deg)_DSS":-0.0780726925,
  "V1(pu)_EST":0.9551,
  "Ang1(deg)_EST":0.0996
 },
 "12":{
  "bus_name":"bus_13",
  "Bus Nro.":13,
  "V1(pu)_DSS":0.9537598652,
  "Ang1(deg)_DSS":-0.0862057896,
  "V1(pu)_EST":0.9535,
  "Ang1(deg)_EST":0.1017
 },
 "13":{
  "bus_name":"bus_14",
  "Bus Nro.":14,
  "V1(pu)_DSS":0.9515221951,
  "Ang1(deg)_DSS":-0.1075007038,
  "V1(pu)_EST":0.9519,
  "Ang1(deg)_EST":0.1055
 },
 "14":{
  "bus_name":"bus_15",
  "Bus Nro.":15,
  "V1(pu)_DSS":0.949920105,
  "Ang1(deg)_DSS":-0.1230862792,
  "V1(pu)_EST":0.9503,
  "Ang1(deg)_EST":0.1107
 }
}