{
 "0":{
  "bus_name":"650",
  "Bus Nro.":1,
  "V1(pu)_DSS":1.0498563837,
  "Ang1(deg)_DSS":29.9925532137,
  "V1(pu)_EST":1.0501,
  "Ang1(deg)_EST":30.0
 },
 "1":{
  "bus_name":"632",
  "Bus Nro.":2,
  "V1(pu)_DSS":1.0063660806,
  "Ang1(deg)_DSS":28.006224629,
  "V1(pu)_EST":1.006,
  "Ang1(deg)_EST":29.8718
 },
 "2":{
  "bus_name":"670",
  "Bus Nro.":3,
  "V1(pu)_DSS":0.9955793312,
  "Ang1(deg)_DSS":27.4651781042,
  "V1(pu)_EST":0.9952,
  "Ang1(deg)_EST":29.8406
 },
 "3":{
  "bus_name":"671",
  "Bus Nro.":4,
  "V1(pu)_DSS":0.9758289184,
  "Ang1(deg)_DSS":26.4341406696,
  "V1(pu)_EST":0.9805,
  "Ang1(deg)_EST":29.9436
 },
 "4":{
  "bus_name":"680",
  "Bus Nro.":5,
  "V1(pu)_DSS":0.9758289317,
  "Ang1(deg)_DSS":26.4341404247,
  "V1(pu)_EST":1.0088,
  "Ang1(deg)_EST":36.4765
 },
 "5":{
  "bus_name":"633",
  "Bus Nro.":6,
  "V1(pu)_DSS":1.0038733072,
  "Ang1(deg)_DSS":27.965139726,
  "V1(pu)_EST":1.0062,
  "Ang1(deg)_EST":30.0786
 },
 "6":{
  "bus_name":"645",
  "Bus Nro.":7,
  "V1(pu)_DSS":1.0026603438,
  "Ang1(deg)_DSS":27.9846330375,
  "V1(pu)_EST":1.0051,
  "Ang1(deg)_EST":30.0309
 },
 "7":{
  "bus_name":"646",
  "Bus Nro.":8,
  "V1(pu)_DSS":1.001425867,
  "Ang1(deg)_DSS":27.9738242756,
  "V1(pu)_EST":1.0036,
  "Ang1(deg)_EST":29.9993
 },
 "8":{
  "bus_name":"692",
  "Bus Nro.":9,
  "V1(pu)_DSS":0.9757328199,
  "Ang1(deg)_DSS":26.432749346,
  "V1(pu)_EST":0.9814,
  "Ang1(deg)_EST":30.0233
 },
 "9":{
  "bus_name":"675",
  "Bus Nro.":10,
  "V1(pu)_DSS":0.972376936,
  "Ang1(deg)_DSS":26.3914384771,
  "V1(pu)_EST":0.9787,
  "Ang1(deg)_EST":30.0307
 },
 "10":{
  "bus_name":"684",
  "Bus Nro.":11,
  "V1(pu)_DSS":0.9742653148,
  "Ang1(deg)_DSS":26.4187223399,
  "V1(pu)_EST":0.9789,
  "Ang1(deg)_EST":29.9296
 },
 "11":{
  "bus_name":"611",
  "Bus Nro.":12,
  "V1(pu)_DSS":0.9731686246,
  "Ang1(deg)_DSS":26.3950064137,
  "V1(pu)_EST":0.9798,
  "Ang1(deg)_EST":30.0546
 },
 "12":{
  "bus_name":"652",
  "Bus Nro.":13,
  "V1(pu)_DSS":0.9724248,
  "Ang1(deg)_DSS":26.4436497609,
  "V1(pu)_EST":0.979,
  "Ang1(deg)_EST":30.0511
 }
}